molecule_name,packed_number,attempted_number
surf_0__modF,0,2
int_0__yhdP,0,0
int_0__xthA,0,1
int_0__efeB,0,0
int_0__asd,0,23
int_0__solA,0,2
surf_0__yojI,0,0
surf_0__dctA,0,1
int_0__accD,0,2
surf_0__lgt,0,0
int_0__accB,0,5
int_0__accC,0,0
int_0__accA,0,5
int_0__ybgC,0,1
int_0__ybgK,0,0
int_0__ybgJ,0,0
int_0__ybgI,0,6
int_0__selD,0,1
int_0__selB,0,1
int_0__elaA,0,0
int_0__ybgL,0,0
int_0__ydgJ,0,0
int_0__fbaA,0,26
int_0__fbaB,0,1
int_0__rluF,0,0
int_0__ung,0,1
surf_0__lptC,0,0
int_0__yqfB,0,1
int_0__mog,0,0
int_0__yjfP,0,0
surf_0__yhjA,0,0
surf_0__yhjD,0,1
surf_0__yhjE,0,5
int_0__ydiJ,0,0
int_0__ydiH,0,0
int_0__yjhC,0,0
int_0__ypfH,0,0
int_0__ydiE,0,1
int_0__trmJ,0,0
int_0__ydiZ,0,0
int_0__trmH,0,1
int_0__yjhU,0,0
surf_0__yagU,0,3
int_0__trmL,0,2
int_0__trmB,0,1
int_0__yfeC,0,0
int_0__trmA,0,0
int_0__trmD,0,0
int_0__argI,0,0
int_0__argH,0,4
int_0__argC,0,2
int_0__argB,0,8
int_0__argA,0,1
int_0__argG,0,13
int_0__argF,0,0
int_0__argE,0,3
int_0__argD,0,4
int_0__argS,0,1
int_0__argR,0,0
int_0__argP,0,1
surf_0__pspB,0,3
int_0__rbfA,0,3
surf_0__lpxT,0,1
int_0__tnaA,0,1
int_0__def,0,2
surf_0__lpxK,0,0
int_0__cpoB,0,2
surf_0__lpxM,0,0
int_0__yhdE,0,0
int_0__yahA,0,0
int_0__yahK,0,1
int_0__fecE,0,0
int_0__holD,0,0
int_0__holE,0,0
int_0__holB,0,0
int_0__holC,0,0
int_0__tufA,0,422
int_0__metB,0,1
int_0__ychN,0,2
int_0__ychJ,0,0
int_0__mnaT,0,0
int_0__gdhA,0,9
int_0__yccU,0,1
surf_0__nanT,0,0
int_0__zinT,0,0
surf_0__yghU,0,5
surf_0__yghJ,0,0
int_0__metG,0,4
int_0__nikR,0,0
surf_0__tatB,0,9
int_0__aldA,0,0
surf_0__pntA,0,0
surf_0__pntB,0,24
int_0__ybfE,0,0
int_0__ybfF,0,1
int_0__topA,0,1
int_0__topB,0,0
int_0__ydfG,0,3
int_0__creB,0,0
int_0__ppsR,0,0
int_0__ygaU,0,0
int_0__selA,0,0
int_0__ydfZ,0,0
int_0__ppsA,0,2
int_0__pgk,0,46
int_0__pgi,0,5
int_0__dmsD,0,0
int_0__pgm,2,2
int_0__pgl,0,1
int_0__mutM,0,0
int_0__hchA,0,1
surf_0__cydB,0,1
int_0__adk,0,8
int_0__nagD,0,1
int_0__nagA,0,1
int_0__nagC,0,2
int_0__nagB,0,0
int_0__ade,0,0
int_0__add,0,0
int_0__rimP,0,2
int_0__rimO,0,0
int_0__rimM,0,1
int_0__rimL,0,0
int_0__rimI,0,0
int_0__xerC,0,0
int_0__xerD,0,0
surf_0__gcd,0,0
int_0__ydhF,0,0
surf_0__acrD,0,0
surf_0__acrA,0,0
surf_0__acrB,0,3
int_0__ydhQ,1,1
int_0__ydhR,0,4
int_0__ydhS,0,0
int_0__phnA,0,0
int_0__hdhA,0,0
int_0__iclR,0,0
int_0__yhgF,0,0
surf_0__dcuA,0,2
int_0__garD,0,0
surf_0__ftsB,0,0
int_0__wbbJ,0,0
int_0__garL,0,0
int_0__wbbI,0,1
int_0__garK,0,0
int_0__yaiI,0,0
int_0__yaiL,0,0
int_0__garR,0,0
int_0__yaiA,0,0
surf_0__mscL,0,9
surf_0__mscM,0,0
surf_0__mscK,0,0
surf_0__mscS,0,2
int_0__seqA,0,3
int_0__hfq,0,3
int_0__gmhB,0,0
int_0__gmhA,0,4
int_0__cnu,0,0
int_0__trxA,0,36
int_0__grxA,0,0
int_0__grxB,0,2
int_0__grxC,0,0
int_0__grxD,0,10
int_0__cdaR,0,0
int_0__rsmA,0,0
int_0__dxs,0,0
int_0__rsmC,0,2
int_0__rsmB,0,0
int_0__rsmE,0,0
int_0__rsmD,0,0
int_0__rsmG,0,0
int_0__rsmF,0,0
int_0__rsmI,0,1
int_0__rsmH,0,1
int_0__rsmJ,0,0
surf_0__yicH,0,0
surf_0__syd,0,1
int_0__sucB,0,0
int_0__sucC,0,11
int_0__sucA,0,2
int_0__sucD,0,10
int_0__speE,2,2
int_0__speD,0,2
int_0__speG,0,0
int_0__speA,0,1
int_0__speC,0,0
int_0__rpsC,0,17
int_0__lrhA,0,0
int_0__hpf,0,3
int_0__uxuB,0,0
int_0__uxuA,0,1
surf_0__arcB,0,0
int_0__ffh,0,1
int_0__uxuR,0,0
int_0__ndh,0,1
int_0__ndk,0,0
int_0__uspD,0,0
int_0__acs,0,0
int_0__glgC,0,0
int_0__glgB,0,0
int_0__glgA,0,0
int_0__folX,0,2
int_0__tusC,0,1
int_0__tusA,0,1
int_0__dadA,0,0
int_0__glgS,0,0
int_0__glgP,0,0
surf_0__mraY,0,0
int_0__dadX,0,0
int_0__glgX,0,0
int_0__yciE,0,0
int_0__yciF,0,0
int_0__ileS,0,4
int_0__yciA,0,0
int_0__gutQ,0,0
int_0__yciO,0,1
int_0__yciH,0,1
int_0__yciI,0,2
int_0__lpdA,0,18
int_0__yciK,0,0
int_0__yciT,0,0
int_0__yciW,0,0
int_0__pepN,0,1
int_0__rnpA,1,1
surf_0__mrdA,0,0
int_0__folK,0,0
int_0__yfeX,0,0
int_0__eutM,0,0
int_0__eutL,0,0
int_0__eutC,0,0
int_0__eutB,0,0
surf_0__metQ,0,353
int_0__lysC,0,4
surf_0__metI,1,4
int_0__gmk,0,1
int_0__ybeY,0,1
int_0__sixA,0,0
int_0__ybeZ,0,1
int_0__ybeD,0,8
int_0__obgE,1,1
int_0__ybeL,0,0
int_0__wecE,0,0
int_0__wecB,0,0
int_0__wecC,0,0
int_0__lldR,0,0
int_0__codA,0,5
surf_0__ptsG,0,22
int_0__lldD,0,0
surf_0__nhaB,0,0
int_0__trmO,0,0
int_0__rffG,0,0
int_0__fis,0,5
int_0__hemX,0,0
int_0__serA,0,18
int_0__rffH,0,0
int_0__serC,0,28
int_0__serB,0,0
int_0__hemA,0,0
int_0__hemC,0,0
int_0__fumD,0,0
int_0__hemE,0,0
int_0__hemD,0,0
int_0__hemG,0,0
int_0__hemH,0,0
int_0__hemL,0,4
int_0__serS,0,4
int_0__hemN,0,0
int_0__purA,1,10
int_0__purB,0,2
int_0__purC,0,13
int_0__purD,0,3
int_0__purE,0,4
int_0__purF,0,1
int_0__purH,0,3
int_0__purK,0,0
int_0__purL,0,3
int_0__purM,0,3
int_0__purN,0,1
int_0__cysQ,0,0
int_0__cysN,0,1
int_0__purR,0,1
int_0__cysM,0,2
int_0__purT,0,2
int_0__lysU,0,0
int_0__cysH,3,3
int_0__cysI,0,5
int_0__cysG,0,0
int_0__cysD,0,1
int_0__cysE,0,0
int_0__cysB,0,1
int_0__cysC,0,1
int_0__cysA,0,1
int_0__gnsA,0,1
int_0__gnsB,0,3
int_0__corC,0,0
int_0__cyaY,0,1
int_0__cyaA,0,0
int_0__xylB,0,0
int_0__trkA,0,0
int_0__phoB,0,0
int_0__carA,0,14
int_0__phoP,0,5
int_0__carB,0,7
int_0__phoU,0,0
int_0__cheY,0,22
int_0__rdgC,0,0
int_0__surE,0,0
int_0__zapA,1,1
int_0__zapB,0,12
int_0__zwf,0,2
int_0__zapD,0,1
int_0__zapE,0,0
int_0__yibT,0,1
int_0__bolA,0,1
int_0__yibF,0,0
int_0__yibL,0,1
surf_0__msbA,0,1
int_0__rpsK,0,15
int_0__oppD,0,2
int_0__hinT,0,2
int_0__plaP,0,0
surf_0__sohB,0,6
int_0__ycjX,0,0
int_0__ycjW,0,0
int_0__yejL,0,0
int_0__yejK,0,2
int_0__yejF,0,0
int_0__kbl,0,0
surf_0__ylaC,0,2
surf_0__ygjR,1,1
int_0__yhjH,0,0
surf_0__yibN,0,25
int_0__csiD,0,0
int_0__fur,0,7
int_0__ycaO,0,1
int_0__preT,0,0
int_0__bglA,0,1
surf_0__potB,0,1
surf_0__potC,0,1
int_0__hcxA,0,0
int_0__hcxB,0,2
int_0__acnA,0,0
surf_0__eptC,0,0
surf_0__ydgA,0,11
int_0__infA,0,9
int_0__infB,0,2
int_0__infC,0,17
int_0__elbB,0,2
int_0__ycaC,0,2
int_0__ygiN,0,1
int_0__ybdK,0,0
int_0__ybdL,0,0
int_0__fkpB,0,1
int_0__btuE,0,1
int_0__ybdZ,0,2
int_0__ychF,0,5
int_0__btuR,0,0
int_0__nudE,0,1
int_0__nudF,0,0
int_0__nudC,0,1
int_0__prkB,0,0
int_0__nudJ,0,0
int_0__nudK,0,3
int_0__mnmE,1,1
int_0__mnmG,0,0
int_0__der,0,0
int_0__mnmA,0,1
int_0__mnmC,0,0
int_0__ilvN,0,0
int_0__ilvM,0,0
int_0__ilvH,0,2
int_0__ilvI,0,1
int_0__ilvG,0,0
int_0__ilvD,0,1
int_0__ilvE,2,4
int_0__ilvB,0,1
int_0__sbcD,0,0
int_0__ilvA,0,0
int_0__yhaM,0,0
surf_0__actP,0,0
int_0__ydjF,0,0
int_0__yhaJ,0,0
int_0__moaD,1,2
int_0__moaE,0,1
int_0__uspA,0,55
surf_0__degS,0,1
int_0__uspF,0,1
int_0__moaB,0,4
int_0__moaC,0,0
int_0__mtlD,1,1
int_0__acnB,14,14
int_0__pykF,1,13
int_0__psuG,0,1
int_0__pykA,0,2
int_0__fhuF,0,0
int_0__gltL,0,0
int_0__dgoR,0,0
int_0__gltB,1,3
int_0__gltA,1,12
int_0__gltD,0,5
surf_0__macA,0,0
int_0__gltX,0,4
int_0__dusC,0,0
int_0__dusB,0,0
int_0__dusA,0,0
int_0__glf,0,1
int_0__ansA,1,1
int_0__glk,0,0
surf_0__tolQ,0,1
surf_0__tolR,0,1
int_0__gatZ,0,1
int_0__gatY,0,8
int_0__rcsB,0,3
surf_0__tolA,0,1
int_0__ucpA,1,1
int_0__gatD,0,0
int_0__gatB,0,6
int_0__gatA,0,8
int_0__nth,0,0
int_0__apt,0,5
surf_0__dauA,0,0
int_0__helD,0,0
int_0__usg,0,1
int_0__mlc,0,0
int_0__yjcZ,0,0
int_0__yqaB,0,0
int_0__fre,0,1
surf_0__yiaD,0,9
int_0__frr,0,6
int_0__rssB,0,0
int_0__trpC,0,1
int_0__trpE,0,1
int_0__yqcA,0,1
int_0__gcvH,0,1
int_0__kdsC,0,1
int_0__kdsB,0,1
int_0__kdsA,0,4
int_0__fdx,0,4
int_0__kdsD,0,0
int_0__thrS,0,1
int_0__yicC,0,1
int_0__lptB,0,2
int_0__bisC,0,0
int_0__rpsT,0,47
int_0__rpsU,0,44
int_0__metR,0,0
int_0__fabZ,0,7
int_0__rpsQ,0,10
int_0__rpsR,0,0
int_0__rpsS,0,37
int_0__fabR,0,0
int_0__rpsD,0,20
int_0__rpsE,0,32
int_0__rpsF,0,28
int_0__hupA,0,252
int_0__metE,0,57
int_0__rpsA,38,38
int_0__fabH,0,3
int_0__fabI,0,9
int_0__fabF,0,3
int_0__metH,0,0
int_0__hyfR,0,0
int_0__metJ,0,2
int_0__fabB,0,7
int_0__metL,0,0
int_0__rpsJ,0,63
int_0__fabA,0,1
int_0__matP,0,0
surf_0__cydD,0,0
surf_0__mdtA,0,1
surf_0__cusA,0,2
int_0__rsxB,0,0
int_0__yecJ,0,1
surf_0__cusS,0,1
surf_0__aroP,2,2
int_0__ppx,0,0
int_0__ppk,0,0
surf_0__fadE,0,0
int_0__ppc,0,3
int_0__ppa,0,17
int_0__hybD,0,0
int_0__apaH,0,0
int_0__apaG,0,0
int_0__dinI,0,0
int_0__rcnR,0,1
int_0__gor,0,1
surf_0__shiA,0,0
surf_0__yeeR,0,0
int_0__ygeA,0,0
int_0__ygeV,0,0
surf_0__yeeE,0,0
surf_0__yqjA,0,0
int_0__cobT,0,0
surf_0__flk,0,0
surf_0__lepB,0,0
surf_0__lepA,1,9
int_0__cobB,0,1
int_0__yfgD,0,3
int_0__yjbD,0,0
surf_0__wecA,0,0
int_0__yjbJ,0,0
surf_0__clsA,0,0
int_0__yjbR,0,1
int_0__otsA,0,0
int_0__mobA,0,0
int_0__rapZ,0,1
int_0__rapA,0,1
int_0__mglA,0,0
int_0__yfiF,0,1
int_0__msyB,0,2
surf_0__lolC,0,1
int_0__sbcC,0,0
surf_0__dedD,0,1
surf_0__yebT,0,0
int_0__arcA,0,3
int_0__ilvC,0,52
int_0__pstB,0,0
int_0__coaA,0,1
int_0__truB,0,0
int_0__truC,0,1
int_0__zur,0,0
int_0__truD,0,1
int_0__groL,0,33
int_0__ydiU,0,0
int_0__groS,0,23
int_0__ydjA,0,3
int_0__prlF,0,0
int_0__fes,0,0
surf_0__dsbB,1,1
int_0__birA,0,0
int_0__uspG,0,1
surf_0__pqiB,0,0
int_0__frdB,0,0
int_0__frdA,0,0
int_0__uspE,0,1
surf_0__degP,0,24
surf_0__nagE,0,2
int_0__sspA,0,6
int_0__sspB,0,1
surf_0__tap,1,5
int_0__ulaR,0,0
int_0__oxyR,0,1
surf_0__fdoH,0,0
surf_0__fdoI,0,0
int_0__ycdY,0,1
int_0__ycdX,0,0
surf_0__lnt,0,0
surf_0__wzc,0,0
int_0__narP,0,0
int_0__yehS,0,0
int_0__rep,0,0
surf_0__lptG,0,1
surf_0__lptF,0,1
int_0__rluD,0,1
int_0__rluB,0,1
int_0__rluC,0,0
int_0__pepB,0,3
int_0__pepA,0,1
int_0__pepD,0,3
int_0__pepE,0,0
int_0__pepP,0,0
int_0__pepQ,0,2
int_0__pepT,0,0
surf_0__tnaB,0,0
int_0__thyA,1,1
int_0__sufS,1,1
int_0__sufA,0,0
int_0__sufC,0,1
int_0__potG,0,0
int_0__sufE,0,0
int_0__potA,0,0
int_0__aldB,0,0
int_0__ygfZ,0,2
int_0__yefM,0,1
int_0__sthA,0,0
surf_0__cydC,0,0
int_0__mutL,0,0
surf_0__cydA,0,0
int_0__mutS,0,0
int_0__mutT,0,0
int_0__mutY,0,0
int_0__ygfB,0,2
int_0__ybbN,0,4
int_0__ybbO,0,0
int_0__lhgO,0,0
surf_0__yedE,0,0
int_0__ybbA,0,0
surf_0__yedV,0,0
int_0__fpr,0,0
int_0__pcm,0,1
int_0__dnaJ,0,1
int_0__guaA,0,6
int_0__guaB,0,17
int_0__guaC,0,3
surf_0__pitA,0,2
int_0__ahpF,0,3
int_0__ahpC,1,77
int_0__gldA,0,0
int_0__mlaB,0,0
surf_0__ycjF,0,0
int_0__fumC,0,0
int_0__gpt,0,5
int_0__fumA,0,2
int_0__yhcH,0,1
int_0__cheA,0,0
surf_0__yoaE,1,1
int_0__cheB,0,0
surf_0__yajC,30,73
int_0__cheZ,0,6
int_0__gph,0,1
int_0__cheW,0,19
int_0__mtnN,0,3
int_0__cheR,0,0
int_0__artP,0,1
int_0__tmk,0,0
int_0__gnd,0,19
int_0__mgsA,0,1
int_0__eno,0,54
int_0__glrR,0,0
int_0__nemA,0,0
int_0__secB,0,19
int_0__secA,1,1
surf_0__corA,0,2
int_0__yoaB,0,2
int_0__yoaC,0,0
int_0__era,0,0
int_0__queC,0,0
int_0__queA,0,1
int_0__queF,0,1
int_0__queD,1,1
int_0__queE,0,0
int_0__gcvR,0,1
int_0__gcvP,0,0
int_0__gcvT,0,1
int_0__flhC,0,0
int_0__flhD,0,0
surf_0__secY,1,4
int_0__nanE,0,0
surf_0__tonB,0,2
int_0__nanK,0,0
surf_0__secF,0,3
surf_0__secG,0,26
surf_0__secD,0,0
surf_0__secE,0,1
int_0__rfaY,0,1
int_0__rfaP,0,0
int_0__rfaQ,0,0
int_0__glyS,0,4
int_0__rfaH,0,0
int_0__rfaI,0,0
int_0__rfaJ,0,0
int_0__rfaF,0,0
int_0__rfaG,0,0
int_0__rfaB,0,0
int_0__rfaC,0,1
int_0__ravA,0,0
int_0__orn,0,1
int_0__miaB,0,2
int_0__yjaG,0,0
int_0__miaA,0,0
int_0__yiaJ,0,0
int_0__yqgE,0,0
int_0__yqgF,0,0
int_0__hsdR,0,0
int_0__hsdS,0,0
int_0__hsdM,0,1
int_0__htpG,0,4
surf_0__rsxG,0,2
surf_0__rsxC,0,1
int_0__avtA,0,0
int_0__tabA,0,3
int_0__mmuM,0,0
int_0__talB,0,14
int_0__talA,0,1
int_0__gshA,0,1
int_0__gshB,0,2
int_0__astC,0,0
int_0__cdh,0,0
int_0__mprA,0,2
int_0__fbp,0,2
int_0__cdd,0,0
int_0__yacL,0,1
int_0__yacG,1,1
surf_0__sdaC,0,1
int_0__iaaA,0,0
int_0__ppnN,0,1
surf_0__glpT,0,1
int_0__ppnP,0,2
int_0__glcG,0,1
int_0__glcF,0,0
int_0__glcE,0,0
int_0__glcD,0,0
surf_0__glpF,0,0
int_0__glcB,0,0
int_0__spoT,0,0
int_0__kdgK,0,1
int_0__cpxR,0,2
int_0__yceA,0,1
int_0__yceD,0,2
int_0__yceF,0,1
int_0__lpxC,0,0
int_0__lpxB,0,0
int_0__lpxA,0,1
int_0__baeR,0,1
int_0__lpxD,0,0
surf_0__ygaP,0,0
int_0__yeiG,0,0
int_0__prr,0,0
int_0__prs,0,9
int_0__ykgG,0,1
int_0__rsgA,1,1
int_0__ykgE,0,0
int_0__aceE,0,7
int_0__mhpR,0,0
int_0__ytfE,0,0
int_0__yeiR,0,0
int_0__aceF,0,13
int_0__yeiP,0,5
surf_0__ygaM,0,0
int_0__ribB,0,1
int_0__ribC,0,2
int_0__ribA,0,1
int_0__ribF,0,0
int_0__ribD,0,0
int_0__ribE,0,0
surf_0__proP,3,3
int_0__lolD,0,0
int_0__yeeD,7,7
surf_0__proW,0,0
surf_0__cdsA,0,1
int_0__amn,0,0
surf_0__mglC,0,0
int_0__ysgA,0,0
int_0__pnp,0,3
int_0__yggX,0,0
int_0__clpB,0,3
int_0__yggW,0,0
int_0__clpA,0,0
int_0__yegD,0,0
int_0__yggS,0,1
int_0__yggN,0,0
int_0__clpX,0,4
int_0__yegP,0,0
int_0__yegQ,0,1
int_0__clpP,0,10
int_0__rpoS,0,0
int_0__rpoZ,0,13
surf_0__yecC,0,4
int_0__ybaQ,0,0
int_0__rpoA,1,25
int_0__rpoB,0,0
int_0__rpoC,0,4
int_0__rpoD,0,1
int_0__rpoE,0,0
int_0__rpoH,0,0
int_0__soxR,0,0
int_0__nirB,0,0
int_0__rpoN,0,1
int_0__acuI,1,1
int_0__dnaX,0,1
int_0__upp,0,30
int_0__plsX,0,0
int_0__dnaQ,0,0
int_0__dnaT,0,1
int_0__rfbA,0,1
int_0__plsC,0,0
int_0__rfbC,0,1
int_0__rfbB,0,1
int_0__dnaN,1,1
int_0__rfbD,0,1
int_0__dnaB,0,0
int_0__dnaC,0,0
int_0__dnaA,0,0
int_0__dnaG,0,0
int_0__treR,0,0
int_0__map,0,2
int_0__minC,0,0
int_0__treC,0,0
int_0__maa,0,0
int_0__minE,0,3
int_0__mak,0,1
int_0__menF,0,0
int_0__menC,0,0
int_0__menB,0,0
int_0__gss,0,1
int_0__menI,0,0
int_0__yhbW,0,0
int_0__yhbT,0,0
int_0__wrbA,0,0
int_0__yhbS,0,0
int_0__kdgR,0,0
int_0__gsk,0,0
int_0__rraA,0,1
int_0__rraB,0,3
int_0__rarA,0,0
int_0__ettA,0,3
int_0__gsiA,0,0
int_0__thiI,0,0
int_0__thiL,0,0
int_0__thiD,0,0
surf_0__fliF,0,3
surf_0__fliG,0,15
surf_0__yfbV,0,0
surf_0__fliO,0,3
int_0__mraZ,0,0
surf_0__fliP,0,0
int_0__erpA,0,5
int_0__ihfB,0,5
int_0__ihfA,0,6
int_0__tpiA,0,8
int_0__fliZ,0,0
surf_0__lldP,0,0
int_0__curA,0,0
int_0__fliS,0,0
int_0__fliN,0,0
int_0__fliM,0,1
int_0__fliK,0,0
int_0__fliH,0,0
int_0__fliI,0,0
int_0__fliE,0,2
int_0__fliA,0,2
surf_0__exbD,0,9
surf_0__exbB,0,12
int_0__tdcF,0,0
int_0__tdcE,0,0
int_0__tdcB,0,0
int_0__exuR,0,0
int_0__adhP,0,0
int_0__slyD,0,36
int_0__slyA,0,0
int_0__ycfH,0,0
int_0__cedA,0,0
surf_0__ybhL,0,2
int_0__ubiX,0,0
int_0__ubiE,0,2
int_0__lon,0,2
int_0__ubiG,0,2
int_0__psd,0,1
int_0__ubiC,0,0
int_0__rsfS,0,1
int_0__maeB,0,1
int_0__maeA,0,0
int_0__ubiI,0,1
int_0__ubiH,0,0
int_0__ubiJ,0,0
int_0__rspR,0,0
int_0__nfsB,0,3
int_0__yifE,8,8
int_0__nfsA,0,1
surf_0__yifK,0,0
surf_0__ypfJ,0,1
int_0__glcC,0,0
int_0__betB,0,0
int_0__grcA,0,1
surf_0__glpG,0,0
int_0__suhB,0,2
int_0__deaD,0,1
int_0__yajQ,0,11
int_0__yedF,0,1
int_0__yghA,0,0
int_0__katE,0,0
int_0__rplU,0,11
int_0__rplT,0,4
int_0__rplW,0,2
int_0__rplV,0,82
int_0__rplQ,0,29
int_0__rplP,0,55
int_0__rplS,9,9
int_0__rplR,0,9
surf_0__yqeG,0,0
int_0__rplY,0,34
int_0__rplX,0,83
surf_0__yebE,0,1
int_0__rplE,0,51
int_0__rplD,1,29
int_0__coaD,0,1
int_0__rplF,0,31
int_0__rplA,0,48
int_0__rplC,0,26
int_0__rplB,0,18
int_0__rplM,0,44
int_0__rplL,0,79
int_0__rplO,0,10
int_0__rplN,0,11
int_0__rplI,0,57
int_0__rplK,0,0
int_0__rplJ,0,60
int_0__proV,0,0
int_0__proQ,0,4
int_0__hycA,0,0
int_0__proS,0,6
int_0__deoR,0,0
int_0__yecA,0,0
int_0__proA,0,1
int_0__proB,0,0
int_0__proC,0,0
int_0__deoC,0,1
int_0__deoB,0,4
int_0__poxB,0,0
int_0__pflA,0,0
int_0__pflC,0,0
int_0__pflB,0,6
int_0__ompR,0,1
int_0__yceH,0,1
int_0__cmoM,0,0
int_0__cmoB,0,0
int_0__cmoA,0,0
int_0__mrp,0,2
int_0__mrr,0,1
surf_0__dgkA,0,1
int_0__glpD,0,9
int_0__glpE,0,0
int_0__glpB,0,0
int_0__glpC,0,0
int_0__glpA,0,1
int_0__dksA,0,9
int_0__glpK,0,8
int_0__dicA,0,0
surf_0__prc,0,6
int_0__racR,0,0
int_0__azoR,0,2
int_0__glpX,0,0
int_0__ldcA,0,0
int_0__alr,0,0
int_0__ytfP,0,2
int_0__yrfG,0,1
surf_0__copA,1,36
int_0__epd,0,1
int_0__cusR,0,1
int_0__fruB,0,0
int_0__flxA,0,0
int_0__nrdR,0,0
int_0__lysA,0,1
int_0__fruK,0,0
int_0__nrdI,0,0
int_0__nrdH,0,0
int_0__lysS,0,3
int_0__nrdB,0,1
int_0__nrdA,0,0
int_0__nrdF,0,0
int_0__nrdE,0,0
int_0__nrdD,0,1
int_0__puuR,0,0
int_0__tam,0,0
int_0__puuC,0,0
int_0__mioC,0,6
int_0__tas,0,1
int_0__yigL,0,1
int_0__yigI,0,2
int_0__yigA,0,0
int_0__yigB,0,1
int_0__gstA,0,1
int_0__gstB,1,1
int_0__yqeF,0,0
int_0__csrA,0,3
surf_0__djlA,0,0
int_0__fabG,0,6
int_0__trpS,0,4
int_0__trpR,0,0
int_0__evgA,0,1
int_0__fabD,0,0
int_0__ycbX,0,1
int_0__trpA,0,6
int_0__dld,0,0
int_0__trpB,0,5
surf_0__kch,0,0
int_0__grpE,1,8
int_0__srmB,0,0
int_0__cfa,0,0
int_0__ycbZ,0,0
int_0__purU,0,3
surf_0__mreC,0,1
int_0__yaaA,0,1
surf_0__flhA,0,1
int_0__paaY,0,0
int_0__paaX,0,0
int_0__paaZ,0,0
surf_0__rstB,0,0
int_0__rclA,0,0
int_0__paaK,0,0
int_0__paaJ,0,0
surf_0__ghxP,0,1
int_0__paaA,0,0
int_0__dps,0,3
int_0__paaB,0,0
int_0__paaE,0,0
int_0__lplA,0,0
int_0__aroB,0,1
int_0__prlC,0,2
int_0__mltG,0,0
surf_0__rodZ,1,11
int_0__galF,0,6
int_0__galE,1,1
int_0__tig,0,38
surf_0__sbmA,0,0
int_0__galK,0,1
int_0__narG,0,0
int_0__galU,0,3
int_0__galT,0,0
int_0__galR,0,1
int_0__narL,0,1
int_0__narJ,0,0
int_0__narH,0,0
surf_0__gntT,0,0
surf_0__minD,1,30
int_0__rdgB,0,0
int_0__ycgL,0,0
int_0__ycgM,0,0
int_0__rho,0,5
int_0__yddE,0,1
int_0__ycgR,0,1
int_0__yrdA,0,2
int_0__yniA,0,0
int_0__rpmJ,0,2
int_0__rpmH,0,19
int_0__nanA,0,0
int_0__roxA,0,1
int_0__rpmB,0,12
int_0__rpmC,0,71
int_0__rpmA,0,35
int_0__rpmF,0,46
int_0__rpmG,0,28
int_0__rpmD,0,17
int_0__rpmE,0,16
int_0__nanR,0,0
int_0__ridA,0,11
int_0__gloC,0,1
int_0__gloB,0,1
int_0__gloA,2,2
int_0__sodA,0,0
int_0__sodB,0,9
int_0__aceA,0,23
int_0__aceB,0,4
surf_0__manZ,0,1
surf_0__manY,0,2
surf_0__adeP,0,0
int_0__tsaC,0,0
int_0__tsaB,0,0
int_0__tsaE,0,1
int_0__tsaD,0,0
int_0__yeeN,0,2
int_0__ygiB,0,0
int_0__ygiC,0,0
int_0__ygiF,0,0
int_0__ackA,0,6
int_0__mukB,0,2
int_0__mukE,0,0
int_0__mukF,0,0
int_0__rhlE,0,0
int_0__rhlB,0,1
int_0__hscA,0,1
int_0__amyA,0,0
int_0__pspA,2,2
int_0__iraP,0,0
int_0__putA,0,0
int_0__yggU,0,0
int_0__chbB,0,0
int_0__melA,0,0
int_0__pheS,0,4
int_0__pheT,0,4
int_0__mqo,0,0
int_0__ratA,0,0
int_0__ratB,0,0
int_0__aroC,0,1
int_0__pheA,0,1
int_0__aroA,0,3
int_0__aroG,10,10
int_0__aroF,0,2
int_0__aroE,0,0
int_0__aroD,0,0
int_0__aroK,0,5
int_0__aroH,0,1
int_0__aroL,0,2
surf_0__treB,0,1
int_0__ltaE,0,0
int_0__rpsP,0,108
int_0__ruvB,0,0
int_0__yafV,0,0
int_0__srlB,0,0
int_0__ruvA,0,0
int_0__srlD,0,0
int_0__can,0,8
int_0__udp,0,3
int_0__srlR,0,0
int_0__udk,0,0
int_0__yafC,0,0
int_0__yafJ,0,0
int_0__yfcH,0,0
int_0__cutC,0,0
int_0__yfcN,0,0
int_0__yfcL,0,2
int_0__yfcF,0,0
int_0__yfcE,0,1
int_0__yfcD,0,2
int_0__yfcZ,0,2
int_0__ybaB,0,11
int_0__sdhB,0,4
int_0__sdhA,0,3
int_0__flgM,0,2
int_0__flgN,0,2
int_0__hupB,0,79
int_0__metC,0,1
int_0__hmp,0,0
int_0__rpsG,0,98
int_0__trpGD,0,1
int_0__ybaK,0,1
int_0__rpsB,0,50
int_0__metF,5,5
int_0__rpsL,1,6
surf_0__fetA,1,1
int_0__metK,0,16
int_0__rpsO,0,65
int_0__rpsH,0,26
int_0__rpsI,0,9
int_0__metN,0,1
int_0__yidA,0,1
int_0__yidB,0,0
int_0__nfuA,0,5
surf_0__yidC,0,7
int_0__yidR,0,0
int_0__yqjG,0,0
int_0__deoD,0,5
int_0__yqjH,0,0
int_0__greA,0,4
int_0__parE,0,0
int_0__gpmI,0,4
int_0__yebC,0,1
int_0__gpmA,0,18
int_0__gpmB,0,0
surf_0__ybdG,0,0
int_0__yebV,0,0
int_0__tyrA,0,1
int_0__tyrB,0,3
int_0__yodD,0,0
int_0__polA,0,0
int_0__tyrR,0,0
int_0__tyrS,0,3
surf_0__hflC,0,10
int_0__bcp,0,9
surf_0__hflK,0,12
surf_0__cpxA,0,0
int_0__trxC,0,0
int_0__trxB,0,7
int_0__hyaD,0,1
int_0__plsB,0,0
int_0__dnaK,0,27
int_0__prmB,0,1
int_0__prmA,0,0
int_0__valS,0,2
int_0__slmA,0,0
int_0__ppiB,0,3
int_0__ppiC,0,2
int_0__chaB,0,0
int_0__lasT,0,0
int_0__uvrD,0,0
int_0__uvrA,0,0
int_0__uvrB,0,0
int_0__uvrC,0,0
int_0__arnA,0,0
int_0__arnB,0,0
surf_0__tamB,0,0
int_0__fdhE,0,1
int_0__uvrY,0,0
int_0__mpl,0,0
surf_0__gsiC,0,1
int_0__hflD,0,0
int_0__glnQ,0,1
int_0__glnS,0,2
int_0__gpsA,0,1
int_0__glnK,0,2
int_0__diaA,0,1
int_0__glnA,0,25
int_0__glnB,0,0
int_0__glnD,0,0
int_0__hflX,0,0
int_0__glnG,0,0
int_0__ptsP,0,0
int_0__ptsH,0,33
int_0__ptsI,0,16
int_0__ptsN,0,1
surf_0__srlE,0,0
int_0__fldA,0,12
int_0__fldB,0,1
int_0__yfbR,0,0
int_0__yfbU,0,0
surf_0__yhcB,0,54
int_0__lsrF,0,0
int_0__ghrA,0,2
int_0__ghrB,0,3
int_0__recR,0,0
int_0__recJ,0,0
int_0__pqqL,0,0
int_0__hns,0,32
int_0__recA,0,2
int_0__tehB,0,0
int_0__recG,0,0
int_0__pssA,0,0
int_0__yqcC,0,1
int_0__ymjA,0,0
int_0__mfd,0,0
int_0__hldE,0,2
int_0__hldD,0,5
int_0__acpS,0,0
int_0__acpP,0,50
surf_0__codB,0,1
int_0__yhiN,0,0
int_0__tktA,0,6
int_0__tktB,0,1
surf_0__dacC,0,8
surf_0__dacA,0,19
int_0__yieP,0,0
int_0__cspE,0,27
int_0__cspD,0,1
int_0__cspA,0,3
int_0__cspC,0,96
int_0__ligA,1,1
int_0__rsuA,0,2
surf_0__hisQ,0,0
int_0__aspS,0,3
surf_0__ftsX,0,0
int_0__tcdA,0,0
int_0__fnr,0,1
surf_0__ftsE,0,3
int_0__aspC,0,11
surf_0__ftsA,0,4
int_0__aspA,0,0
surf_0__ftsL,0,0
surf_0__ftsN,0,2
surf_0__ftsH,0,21
surf_0__ftsI,0,0
surf_0__ftsK,0,0
int_0__hrpA,0,0
int_0__yagE,0,0
int_0__bioD2,0,1
int_0__bioD1,0,1
int_0__cytR,0,0
surf_0__yggE,0,8
surf_0__elaB,0,22
int_0__rbsA,0,0
int_0__rbsD,0,0
int_0__rbsK,0,0
int_0__folP,0,1
int_0__folM,0,0
int_0__pfkA,0,0
int_0__pfkB,0,0
int_0__folD,0,0
int_0__folE,0,18
int_0__folB,0,0
int_0__folC,0,0
int_0__folA,0,0
int_0__yhbY,0,1
surf_0__aas,0,0
int_0__speB,0,2
surf_0__wzzB,0,17
int_0__dinJ,0,1
surf_0__wzzE,0,2
int_0__hisG,0,5
int_0__hisF,0,2
int_0__hisD,0,4
int_0__hisC,0,2
int_0__hisB,0,3
int_0__hisA,0,3
int_0__rnt,0,0
int_0__rnr,0,0
int_0__hisI,0,2
int_0__hisH,0,2
int_0__yrbL,0,0
int_0__hisS,0,3
int_0__rnk,0,1
int_0__hisP,0,1
int_0__rng,0,1
int_0__rne,0,1
int_0__rnb,0,2
int_0__rnc,0,1
int_0__ycaR,0,3
int_0__glmU,0,0
int_0__glmS,0,6
int_0__glmM,1,2
int_0__radA,0,0
surf_0__malX,0,0
int_0__ybjX,0,0
int_0__dcuR,0,0
surf_0__malF,0,0
int_0__yecD,0,0
int_0__yecF,0,0
int_0__manX,0,2
surf_0__gltK,0,0
int_0__ydbK,0,0
int_0__yecM,0,1
int_0__metAS,0,4
int_0__manA,0,2
surf_0__gltP,0,0
surf_0__cycA,0,0
surf_0__yqjE,0,0
surf_0__yqjD,0,44
int_0__chrR,0,1
int_0__yheO,0,0
int_0__ycfP,0,1
int_0__yqjI,1,1
int_0__yeeX,0,33
int_0__tdk,0,0
int_0__tdh,0,0
int_0__yhhW,0,0
int_0__engB,0,2
int_0__yhhX,0,0
int_0__rpsN,0,15
int_0__ydcP,0,0
int_0__ydcY,0,1
int_0__ydcF,0,0
int_0__ttcA,0,1
int_0__ydcI,0,0
int_0__ydcH,0,0
int_0__ydcJ,0,0
int_0__dapB,0,5
int_0__dapA,0,7
int_0__dapF,0,0
int_0__dapD,0,18
int_0__dapE,0,0
int_0__ogt,0,0
int_0__ebgR,0,0
int_0__lipB,0,0
int_0__lipA,0,1
int_0__yggL,0,2
int_0__hpt,0,2
surf_0__ppiD,0,10
int_0__cca,0,0
int_0__gpr,0,0
surf_0__emrA,0,0
int_0__yfaY,0,0
surf_0__yrfF,0,1
surf_0__livM,0,1
surf_0__mgtA,0,1
int_0__pyrH,0,1
int_0__pyrI,0,32
int_0__pyrD,0,2
int_0__pyrE,0,1
int_0__pyrF,0,2
int_0__pyrG,0,1
int_0__katG,0,2
int_0__dsdA,0,1
int_0__pyrB,0,16
int_0__pyrC,0,6
int_0__yebG,0,0
surf_0__cstA,0,1
int_0__yihI,0,1
int_0__yihD,0,5
int_0__mdaB,0,1
int_0__ahr,0,0
int_0__yihX,0,0
int_0__thrA,0,6
int_0__rof,0,1
int_0__yihQ,0,0
int_0__rob,0,1
int_0__mreB,0,0
int_0__thrC,0,21
int_0__thrB,0,1
int_0__yadG,0,0
int_0__yqhD,0,2
int_0__ybcJ,1,1
surf_0__rseP,0,0
int_0__feoA,0,0
int_0__hscB,0,1
int_0__rstA,0,1
surf_0__rseA,0,1
surf_0__dppC,0,1
surf_0__dppB,0,0
int_0__yceM,0,0
int_0__yjdC,0,0
surf_0__focA,0,0
int_0__typA,0,0
surf_0__ubiA,0,0
surf_0__ubiB,0,0
int_0__pcnB,0,0
int_0__allR,0,0
surf_0__kgtP,0,0
int_0__panZ,0,0
surf_0__mtlA,0,2
int_0__panB,0,4
int_0__panC,0,2
int_0__panD,1,1
int_0__ibpB,0,0
int_0__ibpA,0,0
int_0__dppF,1,1
int_0__dppD,0,1
int_0__fucU,0,0
int_0__fucR,0,0
int_0__ybjN,0,0
int_0__ybjQ,0,0
int_0__ybjS,0,0
int_0__fucO,0,0
surf_0__feoB,0,0
int_0__fucI,0,0
int_0__pdxK,0,0
int_0__pdxJ,0,1
int_0__pdxI,0,0
int_0__pdxH,0,0
int_0__cueR,0,0
int_0__pdxB,0,3
int_0__pdxA,0,1
surf_0__mdoH,0,0
int_0__pdxY,0,1
int_0__raiA,0,2
surf_0__mdoB,0,1
surf_0__thiB,0,0
int_0__sad,0,0
int_0__tsf,0,30
surf_0__rcsD,0,1
surf_0__sdhD,0,2
surf_0__sdhC,0,4
int_0__rsd,0,1
int_0__yjgA,0,1
int_0__ymgG,0,0
int_0__ypeB,0,0
int_0__ypeA,0,0
surf_0__yjiY,0,0
int_0__ftsY,0,2
int_0__ftsZ,0,9
surf_0__nupC,0,1
int_0__yciN,0,1
int_0__hha,0,1
int_0__acrR,0,1
int_0__mdh,0,68
int_0__atpH,0,8
int_0__atpA,0,20
int_0__atpD,0,32
int_0__atpG,0,3
surf_0__rbsC,0,0
int_0__efp,0,0
int_0__gntR,1,1
int_0__sseB,0,1
int_0__sseA,0,0
int_0__ssb,0,6
surf_0__baeS,0,0
int_0__yaeH,0,3
int_0__frmA,0,1
int_0__frmB,0,1
int_0__ygaV,0,0
int_0__adhE,0,4
int_0__hicB,0,1
int_0__ddlB,0,1
int_0__ddlA,0,0
int_0__cpdA,0,0
int_0__yaeR,0,0
int_0__yaeP,0,1
int_0__slyX,0,1
surf_0__nlpD,1,2
surf_0__nlpA,0,19
int_0__lrp,0,0
int_0__hexR,0,1
int_0__uhpA,0,0
int_0__rnhB,0,0
int_0__rnhA,0,0
int_0__entB,0,1
int_0__entC,0,0
int_0__entA,0,1
int_0__entF,0,0
int_0__entE,1,1
int_0__entH,0,0
int_0__sfsA,0,0
int_0__ispU,0,0
int_0__cbl,0,0
int_0__ispH,0,1
int_0__ispG,0,2
int_0__ispF,0,1
int_0__ispE,0,0
int_0__ispD,0,0
int_0__ispB,0,0
surf_0__yfgM,0,15
surf_0__cysW,0,1
surf_0__cysU,2,2
int_0__nuoC,0,0
int_0__nuoB,0,1
int_0__nuoE,0,2
int_0__nuoG,0,2
int_0__nuoF,0,0
int_0__nuoI,0,0
int_0__epmB,0,0
int_0__epmA,0,0
int_0__hypE,0,0
int_0__iadA,0,0
int_0__oppF,0,1
int_0__ibaG,0,0
int_0__waaA,0,0
surf_0__putP,0,0
int_0__yiiD,0,0
int_0__yccJ,0,1
int_0__yiiM,0,0
int_0__yiiS,0,0
int_0__fepC,0,0
int_0__waaU,0,0
int_0__csdA,0,0
surf_0__tatE,0,2
int_0__csdE,0,0
surf_0__tatC,0,3
surf_0__tatA,0,32
int_0__fadH,0,0
int_0__fadI,0,1
int_0__fadJ,0,0
int_0__rpiB,0,0
int_0__rpiA,0,2
int_0__fadA,0,0
int_0__fadB,0,0
int_0__yeiE,0,0
int_0__fadD,0,0
surf_0__hemY,0,7
int_0__fadR,0,0
int_0__mazG,0,0
int_0__rihA,0,0
int_0__mazE,0,0
int_0__rihC,0,0
int_0__rph,0,0
int_0__ubiD,0,0
int_0__gppA,0,0
int_0__ldhA,0,0
int_0__ubiF,0,0
int_0__rpsM,0,54
int_0__malT,0,0
int_0__malQ,0,0
int_0__malP,0,1
int_0__yeaP,0,0
int_0__tldD,0,0
int_0__yeaO,0,0
int_0__yeaK,0,1
int_0__malK,0,0
surf_0__mlaF,0,1
int_0__yeaG,0,0
int_0__yeaD,0,4
int_0__yeaC,0,0
surf_0__pheP,0,0
int_0__bfr,0,1
surf_0__aer,0,1
int_0__modC,0,0
int_0__modE,0,0
int_0__sra,0,3
int_0__ybiX,0,0
surf_0__tsr,0,0
int_0__ybiU,0,0
int_0__ybiT,0,0
int_0__ybiV,0,0
int_0__ybiH,0,0
surf_0__yccA,0,1
surf_0__yccF,0,0
int_0__lexA,0,0
int_0__ybiB,0,1
surf_0__ytfB,0,3
int_0__fhuC,0,0
int_0__glyQ,0,0
int_0__nusG,0,7
int_0__nusA,0,8
surf_0__ytfL,0,0
int_0__nusB,0,2
int_0__mug,0,0
int_0__glyA,0,33
int_0__fmt,0,1
int_0__livF,0,1
int_0__livG,0,0
int_0__nagK,0,0
surf_0__yhhM,0,1
int_0__cmk,0,1
surf_0__cvrA,0,0
int_0__ymdB,0,0
int_0__yjjG,0,0
surf_0__zntA,0,0
int_0__nanM,0,0
int_0__yjjV,0,0
int_0__pncA,0,0
int_0__pncB,0,1
int_0__pncC,0,0
surf_0__motB,0,2
surf_0__motA,0,2
surf_0__tar,4,46
int_0__tesB,0,0
int_0__relA,0,0
int_0__relB,0,0
int_0__uup,1,1
surf_0__atpB,1,5
surf_0__atpC,0,108
surf_0__atpE,0,7
surf_0__atpF,0,84
int_0__iscA,0,2
surf_0__dsdX,0,0
int_0__mlaE,0,0
int_0__iscU,0,12
int_0__iscR,0,9
int_0__iscS,0,16
int_0__frmR,0,1
int_0__iscX,0,1
int_0__dcp,0,1
surf_0__fruA,0,1
int_0__coaBC,0,0
int_0__dcd,0,1
int_0__dcm,0,0
surf_0__yfdH,0,0
int_0__yajD,0,0
int_0__yajO,0,0
int_0__yajL,0,0
int_0__ftnA,0,4
int_0__rlmN,0,0
int_0__rlmL,0,0
int_0__rlmM,0,1
int_0__rlmJ,0,0
int_0__rlmH,0,0
int_0__rlmI,0,0
int_0__rlmF,0,0
int_0__rlmG,0,0
int_0__rlmD,0,0
int_0__rlmE,0,0
int_0__rlmB,0,1
int_0__rlmA,0,0
int_0__yqiC,0,2
int_0__glnL,0,0
int_0__dkgA,0,1
int_0__dkgB,0,1
int_0__stpA,0,18
int_0__qorA,1,1
int_0__qorB,0,0
int_0__glnE,0,0
int_0__smpB,0,0
int_0__dut,0,4
int_0__dhaK,0,1
int_0__dhaL,0,1
int_0__dhaM,0,0
int_0__icd,0,56
surf_0__zipA,0,11
surf_0__mrcB,0,1
int_0__osmC,0,3
surf_0__yejM,0,0
surf_0__trg,0,1
surf_0__ampE,0,0
int_0__ybhK,0,0
int_0__ybhB,0,0
int_0__ybhA,0,1
int_0__yddM,0,0
int_0__msrA,0,0
int_0__msrC,0,2
int_0__msrB,0,1
int_0__pmbA,0,2
int_0__ugpQ,0,0
int_0__dcyD,0,2
int_0__mtfA,0,0
int_0__ugpC,0,0
int_0__fsaA,0,0
int_0__fusA,0,61
int_0__pdhR,0,0
int_0__fsaB,0,0
int_0__murQ,0,0
surf_0__sppA,0,0
int_0__murC,0,1
int_0__murB,0,0
int_0__murA,0,1
int_0__murG,0,0
int_0__murF,0,0
int_0__murE,0,1
int_0__murD,0,0
int_0__murI,0,0
surf_0__oppB,0,3
surf_0__oppC,0,5
int_0__yjiA,0,0
int_0__yffB,0,0
int_0__yffS,0,1
int_0__crl,0,0
int_0__cra,0,0
int_0__coaE,0,0
int_0__hxpB,0,1
int_0__hxpA,0,2
int_0__crr,1,47
int_0__crp,0,4
int_0__nsrR,0,0
int_0__bdcR,0,0
int_0__edd,0,0
int_0__eda,0,4
int_0__luxS,0,7
int_0__frsA,0,0
int_0__yheS,0,0
int_0__yheU,0,0
int_0__tgt,0,0
int_0__leuS,0,2
int_0__moeA,1,1
int_0__moeB,0,0
int_0__hemB,0,0
int_0__leuD,0,9
surf_0__nuoN,0,0
int_0__leuA,0,2
int_0__leuC,0,7
int_0__leuB,0,5
int_0__gapA,0,65
surf_0__mmuP,0,0
int_0__uxaC,0,0
int_0__uxaB,0,1
int_0__uxaA,0,0
int_0__pabB,0,0
int_0__asnS,0,8
int_0__hslO,0,2
int_0__asnA,0,2
int_0__hslU,0,2
int_0__hslV,0,1
int_0__asnB,0,1
int_0__sufB,0,0
int_0__fklB,0,7
int_0__yjgM,0,0
int_0__tatD,0,0
int_0__srkA,0,0
int_0__ispA,0,0
surf_0__yhiI,0,3
int_0__yjgR,0,0
surf_0__htpX,0,8
int_0__sdaA,0,1
int_0__sdaB,0,0
int_0__sufD,0,0
int_0__cysS,1,1
surf_0__ygiM,0,4
int_0__pckA,0,3
int_0__deoA,1,1
int_0__alaC,0,0
int_0__alaA,0,0
int_0__alaS,0,3
int_0__cysJ,0,4
int_0__anmK,0,0
surf_0__mlaD,0,11
int_0__prfC,0,2
int_0__prfB,0,3
int_0__prfA,0,0
int_0__cysK,0,100
int_0__gabT,0,0
int_0__gabD,0,0
int_0__bioA,0,0
int_0__bioB,0,1
int_0__bioF,0,0
int_0__mntR,0,1
int_0__bioH,0,0
int_0__nfi,0,0
int_0__nfo,0,1
int_0__nadR,0,0
int_0__wbbK,0,0
int_0__nadA,0,0
int_0__nadB,0,1
int_0__nadC,0,1
int_0__nadD,0,0
int_0__nadE,0,5
surf_0__mrcA,0,0
int_0__gudD,0,0
surf_0__nuoA,0,3
surf_0__pnuC,0,0
surf_0__glnP,0,0
surf_0__nuoH,0,0
int_0__gyrA,0,0
surf_0__nuoL,0,0
int_0__gyrB,0,1
int_0__yhfA,0,0
int_0__xseB,0,1
int_0__xseA,0,0
surf_0__cyoB,0,6
surf_0__cyoC,0,0
surf_0__cyoA,0,9
surf_0__ybaL,0,1
surf_0__cyoD,0,2
int_0__pta,0,2
int_0__pth,0,1
int_0__alsE,0,0
total,200,7602